"","cbsa_code","cbsa_name","cbsa_size","cbsa_emp","pct_struggle","n_struggle","n_all","n_kids","kids","kids_fam","fam","pct_kids_gap"
"1","10180","Abilene, TX","small metros",58400,0.528320313831043,10078.102,26676.146,21347.426,17.9351469038462,20.9551781153846,13.5189945384615,0.456783321917808
"2","10420","Akron, OH","large metros",296361,0.429201437353369,28905,85441,54756,21.0277423269231,21.0277423269231,12.5451728269231,0.288300417396351
"3","10500","Albany, GA","small metros",46278,0.599513382184693,9234.09,21923.218,17591.864,23.261218627093,20.6469304423077,13.9153104807692,0.47372872639267
"4","10540","Albany, OR","small metros",36602,0.391550663645193,4201.803,16584.876,7440.15,17.5862145894555,16.7967929807692,13.6449644423077,0.453113928200645
"5","10580","Albany-Schenectady-Troy, NY","large metros",353006,0.391499748897644,36448.425,110966.77,69103.85,24.9834210089103,24.6340445718956,15.1672079768429,0.314348113063234
"6","10740","Albuquerque, NM","large metros",303614,0.454493998290002,40344.236,113792.074,75590.066,20.4020703641868,20.8054709423077,12.1965650192308,0.374791920003689
"7","10780","Alexandria, LA","small metros",47260,0.509153610006271,9095.682,18517.108,16596.62,20.3086069835582,20.0893302307692,17.2019203807418,0.39181354210749
"8","10900","Allentown-Bethlehem-Easton, PA-NJ","large metros",331950,0.450373409077868,39243.287,112201.11,77186.055,23.3114575933907,23.0619381948378,15.4722905,0.338006055128784
"9","11020","Altoona, PA","small metros",52981,0.486735486735487,6419.64,14454.072,12028.224,20.1088472346667,20.9159751346154,13.3084356089962,0.272816141635681
"10","11100","Amarillo, TX","midsized metros",95807,0.480480462226215,13990.731,36009.244,29001.6,23.3997992821729,22.0328714004764,13.3957239615385,0.375851910611959
"11","11180","Ames, IA","small metros",31727,0.294451805542596,3155.64,21325.515,5784.315,20.6493470192308,20.6493470192308,14.6495625961538,0.672156680429918
"12","11260","Anchorage, AK","midsized metros",162723,0.521367918086064,19701.783,68708.38,47182.144,28.2929605850485,28.0382254965263,17.6770213461538,0.422241354940605
"13","11460","Ann Arbor, MI","midsized metros",152087,0.297395124365796,9613,49440,17600,21.9266902382943,21.9835549038462,15.7585982692308,0.325077094031706
"14","11500","Anniston-Oxford-Jacksonville, AL","small metros",36301,0.338202573280449,3496,10940,7368,19.5340372115385,19.5340372115385,13.1226244615385,0.301369108289028
"15","11540","Appleton, WI","small metros",115721,0.392959430328843,10817.175,26811.251,24655.953,20.3830230379814,20.2512852403846,13.5662232692308,0.231688725469016
"16","11700","Asheville, NC","midsized metros",172341,0.507360162679579,23123.807,74747.129,43981.804,19.5798996662447,18.2248083202988,15.2894996153846,0.433716463290801
"17","12020","Athens-Clarke County, GA","small metros",65041,0.475483990856321,8576.901,38807.061,15510.242,20.0167342115385,20.0167342115385,13.3165791923077,0.596655355852462
"18","12060","Atlanta-Sandy Springs-Roswell, GA","very large metros",2352106,0.422441800604622,287453.945,849835.871,557995.836,22.0291171303783,22.7045699615385,16.0997183461538,0.361308491624102
"19","12100","Atlantic City-Hammonton, NJ","midsized metros",103653,0.523102138610094,13565.149,40709.479,27471.936,24.6988426923077,26.5287225400467,16.0033585384615,0.392747715936828
"20","12220","Auburn-Opelika, AL","small metros",46327,0.457459305252559,8178,28196,15288,19.9979349519231,13.29757675,14.09529575,0.608629956612774
"21","12260","Augusta-Richmond County, GA-SC","large metros",187081,0.507420070190931,30670.928,80450.175,58194.764,20.3525694615385,20.3525694615385,14.0655581923077,0.430028570512238
"22","12420","Austin-Round Rock, TX","very large metros",836997,0.386766440928236,96166.516,340506.024,201372.546,22.2328212788462,23.2722207560941,15.5238131346154,0.40681869110642
"23","12540","Bakersfield, CA","large metros",189762,0.596937989670079,58134,138584,124537,22.0041527610241,18.9123614903846,14.6153312307692,0.730304275882421
"24","12580","Baltimore-Columbia-Towson, MD","very large metros",1181547,0.353028715933,104549.976,309873.016,200529.712,24.956358199584,23.8618867788483,15.1779165384615,0.262260422987829
"25","12620","Bangor, ME","small metros",56958,0.432653373061349,11326,49594,20520,19.1989901166121,19.9866057115385,14.8510115384615,0.8707117525194
"26","12700","Barnstable Town, MA","small metros",78050,0.47430452786164,7704.552,25294.78,14530.155,27.022506687867,17.5226968173689,17.4740774423077,0.324084304932735
"27","12940","Baton Rouge, LA","large metros",343895,0.426729298675255,37264.998,108213.154,68839.089,21.759976215975,21.7189186153846,14.1612950384615,0.314669169368557
"28","12980","Battle Creek, MI","small metros",53335,0.444942243333693,5704.156,15669.648,11678.192,18.3513568365385,18.5219286695513,12.472434,0.293796718852536
"29","13020","Bay City, MI","small metros",29870,0.310481278132265,3496.289,10325.666,6763.651,18.4623453173077,18.6920614935792,12.2682596153846,0.345686842986274
"30","13140","Beaumont-Port Arthur, TX","midsized metros",133074,0.473417210928157,20586.074,42301.29,37674.904,20.8626165769231,20.4601928846154,14.8646030034366,0.317877947608098
"31","13220","Beckley, WV","small metros",33038,0.564228468224405,6658.002,15723.652,13830.822,21.3299583461538,21.8237782115385,14.6947614038462,0.475926266723167
"32","13380","Bellingham, WA","small metros",75103,0.442558935544521,9180,33095,18588,24.6496581730769,24.3214550113067,14.6883602692308,0.440661491551602
"33","13460","Bend-Redmond, OR","small metros",68342,0.433544141086945,8432,31023,16482,20.1984532075182,23.3302924949417,15.6600825384615,0.453937549383981
"34","13740","Billings, MT","small metros",71695,0.560736969420783,10316.284,28556.808,19308.933,21.7377347115385,23.4845417307692,13.8924960769231,0.398309617128112
"35","13780","Binghamton, NY","small metros",79415,0.532395206751009,12549.968,34237.728,23757.748,23.0779667422447,25.3698929354134,14.1361895576923,0.431124195680917
"36","13820","Birmingham-Hoover, AL","very large metros",450614,0.448784529559246,52855.808,151081.62,102915.384,21.4030031153846,21.1202120961538,14.6932373846154,0.335279463132526
"37","13900","Bismarck, ND","small metros",57398,0.313797068973516,5079.955,15148.292,9679.298,23.132425332543,22.2175019807692,14.0311604615385,0.263916721836998
"38","13980","Blacksburg-Christiansburg-Radford, VA","small metros",51196,0.377553040783505,4729.024,24881.323,9517.725,22.5022078275628,22.4681119227719,14.8742346153846,0.486001308695992
"39","14010","Bloomington, IL","small metros",76354,0.350470321115796,6483,22491,14789,26.8189642830639,27.0703436215531,14.2754355961538,0.294562170940619
"40","14020","Bloomington, IN","small metros",53709,0.425992425007915,6454.509,28755.938,11595.745,23.6126908509898,23.6134925576923,14.1723866730769,0.535402595468171
"41","14100","Bloomsburg-Berwick, PA","small metros",36923,0.504273570820981,3885.975,11012.22,6499.185,18.7333967307692,18.3967527884615,14.9604320384615,0.298248246350513
"42","14260","Boise City, ID","large metros",254357,0.402686214488379,32519.907,90704.165,71940.028,20.3268054326923,20.3268054326923,13.6355658269231,0.356601803764001
"43","14460","Boston-Cambridge-Newton, MA-NH","very large metros",2534539,0.326976733772679,330222.742,1118635.563,611551.501,26.6985478846154,26.3211381730769,17.6285070192308,0.441356618698706
"44","14500","Boulder, CO","midsized metros",153690,0.340474990955517,12696.547,51983.491,21552.948,24.903255880878,20.7328093269231,17.94733725,0.338236001041057
"45","14540","Bowling Green, KY","small metros",61626,0.494045663868508,9084.65,25796.234,18162.659,18.9464021634615,17.1262453527542,13.6450673846154,0.418593353454711
"46","14740","Bremerton-Silverdale, WA","midsized metros",59021,0.431528020427362,12844,32613,24610,23.253681625,23.7956752010444,14.7380952115385,0.55256603581776
"47","14860","Bridgeport-Stamford-Norwalk, CT","large metros",429679,0.37858363577011,118293,341892,221403,26.0544936538462,27.1509729807692,17.9706478269231,0.795691667500623
"48","15180","Brownsville-Harlingen, TX","midsized metros",107239,0.603645098730606,27391,55341,63768,19.33295492686,18.1865359230769,12.1038379807692,0.516052928505488
"49","15260","Brunswick, GA","small metros",35077,0.451646564763672,5778.956,15631.848,11663.816,24.7329440686514,22.0511785,14.8191953076923,0.445643812184622
"50","15380","Buffalo-Cheektowaga-Niagara Falls, NY","very large metros",482984,0.407689230481151,47899,130279,91723,22.1716388461538,22.6063698855679,13.8567240769231,0.269737713878721
"51","15500","Burlington, NC","small metros",59276,0.503009658905324,10780,25545,19436,22.3725428653846,22.3725428653846,14.5144624615385,0.430950131587826
"52","15540","Burlington-South Burlington, VT","small metros",102620,0.408683592354412,9151.243,34969.743,14494.667,21.8889299038462,18.9102026923077,17.8629382115385,0.340769274995128
"53","15680","California-Lexington Park, MD","small metros",32376,0.2647514859161,3393.144,10351.656,7545.288,27.2073074423077,27.1424126967072,16.8462035384615,0.319732394366197
"54","15940","Canton-Massillon, OH","midsized metros",150465,0.428300364520049,17624.56,44108.04,34562.56,18.667386225226,18.6794827400666,12.2582404038462,0.293144850962018
"55","15980","Cape Coral-Fort Myers, FL","large metros",216916,0.555553631420358,32081,105967,61343,22.1021915632788,19.9411782307692,15.0581054423077,0.488516292020874
"56","16020","Cape Girardeau, MO-IL","small metros",39925,0.415624981820163,3929.383,14187.988,8002.979,19.6260622596154,16.4582413300011,14.2590025,0.355366011271133
"57","16060","Carbondale-Marion, IL","small metros",42279,0.47839320538226,6563.572,22614.3,13564.192,20.1886418269231,20.1886418269231,14.2249709230769,0.534882565812815
"58","16180","Carson City, NV","small metros",20905,0.454216945215203,2407.338,6135.48,4707.63,23.2047921346154,23.2047921346154,14.0431455769231,0.293493422626166
"59","16220","Casper, WY","small metros",31203,0.417587085811385,4311.438,11168.949,8662.35,22.6217682828283,24.1851564423077,15.0337536153846,0.357944716854149
"60","16300","Cedar Rapids, IA","midsized metros",129218,0.32627853436345,9285.367,29667.884,19452.623,21.4742374251592,21.4816409038461,12.6336097884615,0.229595598136483
"61","16540","Chambersburg-Waynesboro, PA","small metros",50967,0.385458181211677,5144.412,16843.094,10864.05,23.4080226923077,24.6318876346154,14.78928525,0.330470579002099
"62","16580","Champaign-Urbana, IL","small metros",76040,0.498649380092546,10163.348,38660.366,20865.142,23.7178652884615,23.7178652884615,14.3131896346154,0.50842143608627
"63","16620","Charleston, WV","small metros",83548,0.480919428736014,11831.65,35343.642,21357.105,20.0854463653846,17.3999238942308,13.6202159615385,0.423033968497151
"64","16700","Charleston-North Charleston, SC","large metros",286757,0.408105103966559,32743.285,110733.543,59812.975,23.7763105576923,23.6271507307692,15.2347921153846,0.386158116454001
"65","16740","Charlotte-Concord-Gastonia, NC-SC","very large metros",1053224,0.439040855017635,133002.789,389887.597,254486.63,22.95226125,23.4250423461538,16.3055604807692,0.370184877101167
"66","16820","Charlottesville, VA","small metros",86351,0.312000860006394,6213.85,30644.516,11561.732,22.2278107446232,24.8117004230769,15.5966145,0.354883162904888
"67","16860","Chattanooga, TN-GA","large metros",221608,0.487736264728689,28040.171,77657.679,57226.652,21.4335285,22.9961002307692,14.2520405769231,0.350428138875853
"68","16940","Cheyenne, WY","small metros",32827,0.38385625808208,4060.8,14321.52,7772.4,21.9699663875652,16.489809268873,14.7943653461538,0.436272580497761
"69","16980","Chicago-Naperville-Elgin, IL-IN-WI","very large metros",4165528,0.416439834374322,424245.668,1208097.524,823133.077,24.1098000769231,24.1098000769231,14.7882407884615,0.290022663153387
"70","17020","Chico, CA","small metros",62600,0.437823554788611,8119,32847,15229,20.8450693578398,23.5957360769231,15.1092035384615,0.524712460063898
"71","17140","Cincinnati, OH-KY-IN","very large metros",941233,0.352724117289288,87676.843,236335.943,173047.71,20.7680977884615,20.6858866538462,13.3514857692308,0.251091858232765
"72","17300","Clarksville, TN-KY","midsized metros",71745,0.547169624814596,19263.366,41100.137,36510.776,20.3384764275409,20.2167391730769,13.9270834807692,0.572864129904523
"73","17420","Cleveland, TN","small metros",40497,0.476941517885307,5261.76,17900.424,10703.088,17.1311274931857,18.7006706317915,13.9024995192308,0.442018519890362
"74","17460","Cleveland-Elyria, OH","very large metros",918152,0.393279305082058,79366.91,226936.36,157480.905,20.8131655641531,20.233801067289,12.8485430384615,0.247166438672464
"75","17660","Coeur d'Alene, ID","small metros",52930,0.376776347550182,5794.905,23670.365,12157.08,19.6985019711538,19.6985019711538,14.2226837307692,0.44720130360854
"76","17780","College Station-Bryan, TX","midsized metros",75731,0.476197052418973,13203.099,49009.887,27922.398,20.9729610961538,22.2173020192308,14.3723403076923,0.647157531261967
"77","17820","Colorado Springs, CO","large metros",248023,0.458663274147294,37585.162,104297.146,81403.324,21.0030793269231,21.0030793269231,13.8181319807692,0.420514008781444
"78","17860","Columbia, MO","small metros",79836,0.402257903286268,8370.102,38938.385,15849.685,21.8069365384615,22.2102654230769,14.14093275,0.487729658299514
"79","17900","Columbia, SC","large metros",295371,0.464005515384448,42737.692,114135.2,83365.101,21.8899098449154,22.2571340576923,14.2813801153846,0.386413019558454
"80","17980","Columbus, GA-AL","midsized metros",98432,0.581793743084691,19337.572,46422.285,35270.115,20.8294908461538,20.8294908461538,13.8022189038462,0.471617817376463
"81","18020","Columbus, IN","small metros",48314,0.375919439579685,2786.157,9834.297,4778.587,22.5652984423077,22.5874775429583,13.9459049807692,0.203549633646562
"82","18140","Columbus, OH","very large metros",874951,0.361610560812434,87375.374,248656.02,171851.246,21.1743208180433,22.0300111218282,12.9756803461538,0.284194223447942
"83","18580","Corpus Christi, TX","midsized metros",160232,0.524042732734408,23592.898,61529.56,42996.223,20.9872922884615,21.5642153653846,14.1205658846154,0.384002945728693
"84","18700","Corvallis, OR","small metros",28322,0.437736052659976,3415.573,13661.029,6158.809,17.6621069711538,17.6621069711538,14.7648379423077,0.482346903467269
"85","18880","Crestview-Fort Walton Beach-Destin, FL","midsized metros",82799,0.489547258101997,13566.784,45972.2,27490.192,21.4226059519231,16.5550625576923,15.83379525,0.555226512397493
"86","19060","Cumberland, MD-WV","small metros",29972,0.449465199444458,4171.5,9844.62,8160.425,20.9188858461538,20.9189187859624,13.3032314230769,0.328460563192313
"87","19100","Dallas-Fort Worth-Arlington, TX","very large metros",3143990,0.438490155257813,390592.005,1052355.181,794152.176,22.0599670192308,22.0599670192308,14.6524872307692,0.334719633650234
"88","19140","Dalton, GA","small metros",55284,0.591815893210439,9837.784,24326.432,22104.76,17.066642375,17.066642375,13.6333956730769,0.440026626148614
"89","19180","Danville, IL","small metros",24093,0.536156212002003,3740.504,9415.631,7861.745,19.2261715480769,22.2360903076923,13.3135592115385,0.390803594405014
"90","19300","Daphne-Fairhope-Foley, AL","small metros",61792,0.484052613480055,11261,29892,17872,22.0748367591197,22.20875825,15.6087507884615,0.483751941998964
"91","19340","Davenport-Moline-Rock Island, IA-IL","midsized metros",157879,0.422265502300407,16806.683,44815.408,33855.653,21.4121351923077,22.1366093269231,13.0844472307692,0.283859208634461
"92","19460","Decatur, AL","small metros",46522,0.448324022346369,6741,20841.868,12379,19.4680875447799,19.5363486923077,12.9417809807692,0.448000257942479
"93","19500","Decatur, IL","small metros",44389,0.419414827671708,3383,12217,5978,20.5043312029473,21.2280663281155,13.0629478076923,0.27522584424069
"94","19660","Deltona-Daytona Beach-Ormond Beach, FL","large metros",168368,0.518317559085203,28488.288,89506.072,51462.576,21.1970136153846,22.2658948846154,13.7248381346154,0.531609759574266
"95","19740","Denver-Aurora-Lakewood, CO","very large metros",1280402,0.40466935600872,128434.254,409109.782,242950.006,25.7139466904377,26.8489246153846,16.2205188653846,0.319516668983647
"96","19780","Des Moines-West Des Moines, IA","large metros",319894,0.348310715553036,30813.483,72883.399,60113.538,20.0905233424643,22.1260164038462,13.1693255384615,0.227836092580667
"97","19820","Detroit-Warren-Dearborn, MI","very large metros",1761974,0.390810156339991,176709.294,478254.006,329732.952,21.6625553653846,20.9229128846154,13.1754501442308,0.271430796368164
"98","20020","Dothan, AL","small metros",50838,0.565457063711911,7961.07,20535.573,15579.66,20.0399606486014,15.8590611346154,13.8405116346154,0.403941402100791
"99","20100","Dover, DE","small metros",52481,0.55536653263223,10773,27535,18817,20.7523264903846,20.5649412510039,15.6634327884615,0.524666069625198
"100","20220","Dubuque, IA","small metros",54767,0.336391437308869,3379.53,11570.658,5533.275,19.6653950042735,21.6699784519718,13.1278935,0.211270619168477
"101","20260","Duluth, MN-WI","midsized metros",111555,0.408633712630777,12300.464,38849.019,23158.051,20.0402349121332,18.6428139903846,14.1531601346154,0.348249912599166
"102","20500","Durham-Chapel Hill, NC","large metros",260651,0.496207531200881,34165.985,96077.336,63403.333,24.6437567307692,24.6437567307692,15.1984350384615,0.368605284460831
"103","20700","East Stroudsburg, PA","small metros",49290,0.508672294704528,9942,26121,19033,20.4133147234226,25.8234064230769,15.4913275384615,0.529945222154595
"104","20740","Eau Claire, WI","small metros",72741,0.404029048705885,6844.404,19916.144,13230.104,20.4558774634157,21.6267748126292,12.9846824038462,0.27379530113691
"105","20940","El Centro, CA","small metros",32109,0.610340041637752,8795,19721,18637,24.0976904935315,23.1689883930983,17.9220394160182,0.614189168146003
"106","21060","Elizabethtown-Fort Knox, KY","small metros",42854,0.470609852150047,6756.54,16863.706,13845.616,20.1322261153846,21.6471374230769,13.0917029615385,0.393515331124282
"107","21140","Elkhart-Goshen, IN","small metros",132095,0.518736842105263,8624,24468,16888,18.6286090480769,19.4478403224822,12.3848289038462,0.185230326658844
"108","21300","Elmira, NY","small metros",30377,0.496014896638413,4006.041,10420.692,7722.111,21.8815129807692,19.4440544154901,14.3990821730769,0.343045462027192
"109","21340","El Paso, TX","large metros",237730,0.598570584982785,59434.16,124675.59,116659.186,20.2306788076923,20.2306788076923,15.6766302651941,0.524441971985025
"110","21420","Enid, OK","small metros",21514,0.551194428171581,4454.168,7953.12,9324.402,21.0181618846154,27.5974990961538,27.5974990961538,0.369671841591522
"111","21500","Erie, PA","midsized metros",115178,0.422665893463673,10204,27260,21402,23.6483268653846,22.3149808332333,12.8816843076923,0.236677143204431
"112","21660","Eugene, OR","midsized metros",125153,0.515586513759038,19467,66242,34085,20.9643098039216,20.2268032873303,13.8317111153846,0.529288151302805
"113","21780","Evansville, IN-KY","midsized metros",144467,0.408196387312373,13886.408,36225.916,29396.528,20.078812460167,16.0740088461538,14.28855175,0.250755646618259
"114","21820","Fairbanks, AK","small metros",27095,0.713007867227072,7899.504,21364.242,15578.715,29.7404464210803,23.8312742818616,18.6860950384615,0.788493891861967
"115","22020","Fargo, ND-MN","small metros",122574,0.357223802108365,11078.63,36653.911,22660.538,22.7619947115385,24.7527694991618,12.7000678461538,0.299034958474065
"116","22140","Farmington, NM","small metros",34753,0.732690163045848,8232.133,17634.595,16003.617,19.0463422834465,19.0337947926952,13.8327412884615,0.507426553103329
"117","22180","Fayetteville, NC","midsized metros",98709,0.639128497815245,37070.68,94606.026,70318.614,23.5349555769231,23.2532576657656,15.4187379615385,0.958433638270067
"118","22220","Fayetteville-Springdale-Rogers, AR-MO","large metros",216155,0.40109795763892,27376.832,68462.728,60924.944,18.9266294997392,18.8972859615385,13.392028,0.316729791122111
"119","22380","Flagstaff, AZ","small metros",53114,0.577922682813228,6204,23026,13142,23.7041628011369,20.0685645859751,16.6043404615385,0.433520352449448
"120","22420","Flint, MI","midsized metros",121169,0.46945665311662,18797.719,44047.544,35076.51,20.1573070769231,20.1573070769231,12.3498441923077,0.363521560795253
"121","22500","Florence, SC","small metros",75608,0.483640340094243,9442.594,22670.62,18903.594,22.4338963552325,20.1782096538462,13.6824138076923,0.299844196381335
"122","22520","Florence-Muscle Shoals, AL","small metros",49018,0.525094000326958,7602.804,20538.491,14776.392,19.1877221346154,17.108020863676,13.4538074615385,0.418998959565874
"123","22540","Fond du Lac, WI","small metros",43479,0.352473498233216,4027.905,9618.516,7792.667,20.2862880409184,22.0235264423077,13.2871683846154,0.221222107224177
"124","22660","Fort Collins, CO","midsized metros",126470,0.312452555187806,10290,55512,19290,22.224913707265,18.5333770192308,15.4767385576923,0.43893413457737
"125","22900","Fort Smith, AR-OK","midsized metros",94834,0.5672670929106,15616.736,38549.184,30819.232,18.6855636538462,18.6855636538462,12.9813047115385,0.406491174051501
"126","23060","Fort Wayne, IN","midsized metros",200417,0.459634314167673,20857.598,54161.519,46143.543,18.7180403365385,18.6360528486889,12.4872036923077,0.270244135976489
"127","23420","Fresno, CA","large metros",261800,0.564399973913935,60581,143252,131206,22.5701871538462,22.5701871538462,14.5955747307692,0.547181054239878
"128","23460","Gadsden, AL","small metros",30604,0.65959318306762,5999,17669,12339,17.8819904068312,17.8709297821044,13.2744713076923,0.577342831002483
"129","23540","Gainesville, FL","midsized metros",96287,0.427884694607518,11581.039,48999.716,23544.521,23.2720854678708,22.1080744615385,14.3644571153846,0.508892332298233
"130","23580","Gainesville, GA","small metros",77461,0.488100123102175,9516,30439,19987,20.9506455369444,17.7861446285883,15.1206767115385,0.392959037451104
"131","23900","Gettysburg, PA","small metros",29070,0.459362834670692,4637.164,13881.818,8908.616,23.594030400145,23.6152268691788,16.3070313653846,0.477530718954248
"132","24020","Glens Falls, NY","small metros",42072,0.519069487616565,5176.68,17760.929,9847.36,23.2330023076923,22.8982446621301,14.9073151153846,0.422155566647652
"133","24140","Goldsboro, NC","small metros",33960,0.592036645525018,8401,18751,15857,22.8790136923077,24.7639755384615,14.6875833076923,0.552149587750294
"134","24220","Grand Forks, ND-MN","small metros",42714,0.403598718521659,4568.884,16214.406,10114.846,22.7386375,24.8549170192308,14.0491971153846,0.379604017418177
"135","24260","Grand Island, NE","small metros",36620,0.604435611944702,5223.729,11780.101,10934.544,22.7955086538462,22.7955086538462,18.327386875,0.321684898962316
"136","24300","Grand Junction, CO","small metros",52848,0.505647588767613,8002.984,24549.75,15747.066,19.7346013837862,18.0381806634615,14.5931589615385,0.464535081743869
"137","24340","Grand Rapids-Wyoming, MI","very large metros",502620,0.400514592029764,46527.503,132826.8,93928.913,19.9742029807692,21.1668286703876,12.9240071538462,0.264268831323863
"138","24420","Grants Pass, OR","small metros",23460,0.579408055782212,3889.878,10226.43,8218.494,20.8412425,21.04562480028,14.9482257115385,0.435909207161125
"139","24500","Great Falls, MT","small metros",30445,0.62187725631769,4762.989,13253.198,9248.925,21.3201599615385,24.7917562412175,14.1573022884615,0.435316078173756
"140","24540","Greeley, CO","midsized metros",85076,0.429908605676452,17125.678,44492.347,33450.372,24.4952161321817,24.5777874038462,14.4390614615385,0.522971778174808
"141","24580","Green Bay, WI","midsized metros",156929,0.394334303389454,15675.44,36032.164,31204.324,23.1126864143292,21.3627416346154,14.4898923269231,0.229608064793633
"142","24660","Greensboro-High Point, NC","large metros",323805,0.521933791429762,44105.895,118665.915,77296.655,23.0285915,23.0285915,14.6910505769231,0.36647338676055
"143","24780","Greenville, NC","small metros",60749,0.570430483151502,10614,36472,19218,22.9231673269231,22.9231673269231,14.8127078269231,0.600372022584734
"144","24860","Greenville-Anderson-Mauldin, SC","large metros",340562,0.400980554562936,37565.105,116407.043,72221.231,21.1284627307692,20.8948526153846,14.0084855961538,0.341808666263412
"145","25060","Gulfport-Biloxi-Pascagoula, MS","midsized metros",129690,0.506968624943872,21846.875,55036.65,41127.1,20.2525184038462,20.0552136538462,14.4753174230769,0.424370807309739
"146","25180","Hagerstown-Martinsburg, MD-WV","midsized metros",85339,0.524010909363601,15065.496,38038.485,27913.096,22.5775034038462,20.4662623078691,13.5474683173077,0.44573389657718
"147","25220","Hammond, LA","small metros",36408,0.52960910151692,8039.034,18895.752,15311.286,21.5368915,19.4401634547508,14.6475382692308,0.519
"148","25260","Hanford-Corcoran, CA","small metros",25053,0.659594400969911,11969,24824,26306,26.5017380961538,21.0312583866509,15.4669808076923,0.990859378118389
"149","25420","Harrisburg-Carlisle, PA","large metros",277210,0.502765285085187,30483.162,79413.882,61174.392,23.32346625,23.32346625,15.0158687739202,0.286475531185744
"150","25500","Harrisonburg, VA","small metros",51926,0.474731271704978,5741.4,23717.6,10960.8,19.024404339361,19.3326777403846,14.6995654230769,0.456757693640951
"151","25540","Hartford-West Hartford-East Hartford, CT","very large metros",549925,0.349563417814821,49322,153354,86679,22.8521333792848,20.8178381730769,14.6800783269231,0.278863481383825
"152","25620","Hattiesburg, MS","small metros",51305,0.59976067741736,8921.632,26624.447,19001.262,19.2080593632664,17.8677761826923,13.4624975961538,0.518944488841244
"153","25860","Hickory-Lenoir-Morganton, NC","midsized metros",135351,0.556517278583232,19871.164,53063.273,35401.621,21.0583935576923,20.6643573932921,14.0886393846154,0.392041972353363
"154","25940","Hilton Head Island-Bluffton-Beaufort, SC","small metros",63557,0.512836746143058,9141.315,29452.62,16964.355,26.5221791366257,26.6167167307692,16.5335212115385,0.463404817722674
"155","25980","Hinesville, GA","small metros",12320,0.508107972063172,5450.868,11585.139,12511.89,18.2750948370787,15.6351864389511,14.2557613846154,0.940352191558442
"156","26140","Homosassa Springs, FL","small metros",30047,0.574723926380368,4684,15775,9644,18.3094426124776,19.3102793295374,13.9707429615385,0.525010816387659
"157","26300","Hot Springs, AR","small metros",34587,0.52654730668313,4093.8,14247,8134.8,18.6598896224823,19.7180423269231,12.9861994230769,0.41191777257351
"158","26380","Houma-Thibodaux, LA","small metros",70218,0.508491052814376,11214.76,24921.66,19128.832,21.6039596346154,21.6039596346154,21.6039596346154,0.354918396992224
"159","26420","Houston-The Woodlands-Sugar Land, TX","very large metros",2599675,0.450686335502078,374335.823,937525.061,765048.661,23.3792588269231,22.3812454230769,14.1640798846154,0.360631640878187
"160","26580","Huntington-Ashland, WV-KY-OH","midsized metros",111457,0.478909451333936,14975.579,41057.786,27679.27,18.7426602866098,15.8973304170667,12.8757643653846,0.368373327830464
"161","26620","Huntsville, AL","midsized metros",181686,0.409196610550863,21139.128,53431.981,38835.348,19.943227905265,20.1975235377518,13.80631275,0.294089698710963
"162","26820","Idaho Falls, ID","small metros",54007,0.498778224318647,8208.082,20550.504,16245.05,18.8279108468612,20.5129315769231,13.0319354807692,0.380515562797415
"163","26900","Indianapolis-Carmel-Anderson, IN","very large metros",911388,0.394498995149924,88333.848,251668.589,177146.288,21.6101299015268,21.9354356153846,12.8310350576923,0.276137703151676
"164","26980","Iowa City, IA","small metros",70971,0.277352606387445,4756.22,30481.38,9405.64,18.1358512552683,21.6699029276642,14.4736371538462,0.429490637020755
"165","27060","Ithaca, NY","small metros",48258,0.403347819089007,2506,17433,5331,27.238973512574,28.4797157692308,17.4851218846154,0.361245803804551
"166","27100","Jackson, MI","small metros",50191,0.430707346690953,5675,19782,10963,20.9069114423077,22.4417354038461,13.5233942115385,0.394134406566914
"167","27140","Jackson, MS","large metros",221908,0.485918015617229,30788.213,85001.095,58480.939,22.252414,20.7275009615385,14.0162104615385,0.383046555329236
"168","27180","Jackson, TN","small metros",59169,0.5913562784349,11874.22,25964.438,22188.865,23.1677880384615,22.0414156730769,14.1250921153846,0.438818266321892
"169","27260","Jacksonville, FL","very large metros",577874,0.439514729964517,71582.74,197963.479,134406.604,21.4692666538462,21.4458850125677,13.1664475192308,0.342572046847583
"170","27340","Jacksonville, NC","small metros",35541,0.558635766428785,10519.145,34742.425,18205.815,19.1502242102778,18.7598022518825,15.2980369230769,0.97753087982893
"171","27500","Janesville-Beloit, WI","small metros",59475,0.315741105422082,4810,14960,9845,18.1347104711538,15.554482452415,10.3480940404203,0.251534258091635
"172","27620","Jefferson City, MO","small metros",53991,0.403675044209849,7532.98,17462.1,18151.086,19.0858786057692,18.9580597451473,13.2165126346154,0.323426126576652
"173","27740","Johnson City, TN","small metros",65563,0.390762291279081,7472.416,24127.07,14725.178,17.9286820865309,21.8000784272714,13.1801299423077,0.367998261214404
"174","27780","Johnstown, PA","small metros",46317,0.360573009930002,4430,11963,9690,19.740352,20.6060364807692,12.9364131923077,0.258285294816158
"175","27860","Jonesboro, AR","small metros",46190,0.539285764271136,7629.266,19761.296,15818.658,18.4777064615385,18.4777064615385,12.1461180384615,0.427826282745183
"176","27900","Joplin, MO","small metros",70980,0.511135293502145,9769.84,28535.55,19129.48,20.1222218162035,20.6915870192308,13.4474272115385,0.402022400676247
"177","27980","Kahului-Wailuku-Lahaina, HI","small metros",64947,0.607241836365827,7014.984,28399.584,13402.176,30.5940963461538,29.9786398100103,19.5050595769231,0.437273222781653
"178","28020","Kalamazoo-Portage, MI","midsized metros",125525,0.480952942563982,12234,39292,23554,20.191820666388,21.0935765192308,13.0317815961538,0.313021310495917
"179","28100","Kankakee, IL","small metros",36747,0.486588861588862,4753,12024,9449,23.0682535384615,23.0682535384615,13.4281017692308,0.327210384521185
"180","28140","Kansas City, MO-KS","very large metros",954263,0.380663061389597,94448.78,239983.259,191363.91,20.6499904807692,21.2574241758061,13.7947637788462,0.251485448979998
"181","28420","Kennewick-Richland, WA","midsized metros",87957,0.490024816690597,16567.496,35823.123,31488.296,22.3289886153846,22.3289886153846,13.219,0.407279954978001
"182","28660","Killeen-Temple, TX","midsized metros",106123,0.483351149093802,24434.666,58118.867,47715.284,19.6049046730769,19.6049046730769,12.868307,0.547655710826117
"183","28700","Kingsport-Bristol-Bristol, TN-VA","midsized metros",104278,0.475026578066517,13925.654,36069.916,23464.272,18.1342340769231,19.6383207873233,13.119271,0.345901494083124
"184","28740","Kingston, NY","small metros",46244,0.522470771553047,7989.285,24611.162,14171.953,25.4859610576923,28.3568162692308,16.3317234230769,0.532202274889715
"185","28940","Knoxville, TN","large metros",337327,0.445779885373704,38550.103,116900.182,71648.666,20.512438596171,22.4781489038462,13.7277225576923,0.34654854784823
"186","29020","Kokomo, IN","small metros",31996,0.499033139961326,4550.272,10356.064,8670.08,18.3628035,18.3628035,12.5906981153846,0.323667458432304
"187","29100","La Crosse-Onalaska, WI-MN","small metros",68320,0.429938663181082,5375.984,22993.384,10653,23.1629510961538,23.1629510961538,13.0934531923077,0.336554215456675
"188","29180","Lafayette, LA","midsized metros",180677,0.436667673318585,23405.441,62862.655,48819.811,21.5503907307692,22.1684096499625,14.1529642307692,0.347928374945344
"189","29200","Lafayette-West Lafayette, IN","small metros",75988,0.493022947337822,9782.796,36759.258,19415.424,19.9330167307692,16.8402176622263,13.4512699423077,0.483750829078276
"190","29340","Lake Charles, LA","small metros",79000,0.455751731848139,10667.552,21923.165,20356.738,20.9773911923077,20.9773911923077,13.5270171153846,0.277508417721519
"191","29420","Lake Havasu City-Kingman, AZ","small metros",41986,0.579267938975579,9087.26,29669.64,19834.36,20.9006974649055,20.4803726094697,14.6434156538462,0.706655551850617
"192","29460","Lakeland-Winter Haven, FL","large metros",182922,0.599766388332044,37997,106408,74417,21.3518968076923,21.3518968076923,14.0893798846154,0.581712423874657
"193","29540","Lancaster, PA","large metros",235331,0.49531847000042,23594,76990,52380,22.1368046917348,22.0731951165755,15.1927458846154,0.327156218262787
"194","29620","Lansing-East Lansing, MI","midsized metros",170828,0.334700352400944,18333.913,66682.473,36037.396,21.0635792115385,21.3776073461538,12.79397625,0.390348613810382
"195","29700","Laredo, TX","midsized metros",78875,0.56599421758763,17423,34423,35524,19.0652988653846,19.9261817806815,12.3672335192308,0.436424722662441
"196","29740","Las Cruces, NM","small metros",52980,0.571810542398778,10479,30967,19683,20.1644736538462,20.1644736538462,12.5832239230769,0.584503586258966
"197","29820","Las Vegas-Henderson-Paradise, NV","very large metros",857591,0.526363765453871,114911,307410,224875,22.6419926538462,22.6419926538462,13.3838006923077,0.358457586425231
"198","29940","Lawrence, KS","small metros",40467,0.464407342802558,5591,22794,10446,16.9957935865385,13.4540650931222,13.8037699038462,0.563273778634443
"199","30020","Lawton, OK","small metros",32718,0.609108418360819,7140.98,17373.666,16114.49,25.4027421923077,20.6417472115385,13.7575376538462,0.53101247019989
"200","30140","Lebanon, PA","small metros",46303,0.465166728647577,7505,20147,15348,24.0608939423077,23.377962511666,15.1782452307692,0.435112195754055
"201","30300","Lewiston, ID-WA","small metros",22882,0.4205707360332,2126.552,7712.223,4163.077,19.6730159326923,18.3220228365385,13.2004983076923,0.337043221746351
"202","30340","Lewiston-Auburn, ME","small metros",45507,0.488217669446919,6029,14180,12715,19.7999438680865,24.2922513956547,16.4314099519231,0.311600413123256
"203","30460","Lexington-Fayette, KY","large metros",228183,0.390097443496618,21223.638,69547.357,42061.649,20.3626428846154,20.4208257115385,12.9149343653846,0.304787635362845
"204","30620","Lima, OH","small metros",46478,0.504267004647233,5968,12786,15556,23.2446514453441,25.1472115809515,13.08646225,0.275097895778648
"205","30700","Lincoln, NE","midsized metros",144760,0.400266004900345,14559.182,49240.414,30121.728,21.7013041346154,22.8166871153846,13.6801545192308,0.340152072395689
"206","30780","Little Rock-North Little Rock-Conway, AR","large metros",283598,0.430155811198723,33116.442,101311.584,66411.445,20.3748858846154,20.3046085576923,13.2286722115385,0.357236595462591
"207","30860","Logan, UT-ID","small metros",44906,0.415452497530246,6841.351,22601.303,15077.021,18.8597871153846,18.8597871153846,12.6577275961538,0.503302520821271
"208","30980","Longview, TX","small metros",78054,0.465121160225986,12746.584,30718.088,26919.866,19.3468974125568,19.9383826640397,14.5053764326923,0.393549183898327
"209","31020","Longview, WA","small metros",32299,0.513466907538184,5039.918,13417.482,9406.02,17.900167764348,17.9458290336017,13.4387929038462,0.415414780643364
"210","31080","Los Angeles-Long Beach-Anaheim, CA","very large metros",5324257,0.531279120620993,687574,2297033,1320729,25.9189132692308,25.9189132692308,17.0527471346154,0.431427896887772
"211","31140","Louisville/Jefferson County, KY-IN","very large metros",585257,0.414924567881816,54192.836,144223.559,107329.124,19.7168794230769,19.8121916730769,12.5342248461538,0.246427738583221
"212","31180","Lubbock, TX","midsized metros",115372,0.465810703195533,15050.246,51581.71,29261.812,21.3583708269231,21.3583708269231,13.7063460769231,0.447090368546961
"213","31340","Lynchburg, VA","midsized metros",99184,0.420906601407653,10405.653,30560.98,19208.653,20.0855115928144,20.1869958134021,13.1650803076923,0.30812409259558
"214","31420","Macon-Bibb County, GA","small metros",84303,0.593899835071226,14147.402,32780.618,27208.124,20.4011818076923,20.4011818076923,12.9638194423077,0.38884284070555
"215","31460","Madera, CA","small metros",26755,0.670225177925563,11489,24378,25128,24.1456531153846,24.1456531153846,16.0480404615385,0.911156793122781
"216","31540","Madison, WI","large metros",333811,0.271447218258862,18426.819,85751.435,35331.945,20.7953388878104,20.8037652818174,14.8306026346154,0.256886187093894
"217","31700","Manchester-Nashua, NH","midsized metros",186614,0.377217464916188,51277.104,153133.608,95535.495,22.5410375865385,22.1323837403846,15.1571344038462,0.820590137931774
"218","31740","Manhattan, KS","small metros",30555,0.47299412449246,5534.64,25427.351,11567.571,21.9253606544316,19.2495100192308,15.8155124807692,0.832182981508755
"219","31860","Mankato-North Mankato, MN","small metros",50288,0.493628872405922,5775.869,19127.551,11445.916,23.2544401360803,23.7223149102098,14.7611134807692,0.380360145561565
"220","31900","Mansfield, OH","small metros",41099,0.397827975673328,4579,14409,9210,17.7144998173077,17.5270316261927,12.6714864230769,0.350592471836298
"221","32580","McAllen-Edinburg-Mission, TX","large metros",198978,0.599803592038391,59245,116358,133634,18.8794844807692,18.8794844807692,12.6238693461538,0.584778216687272
"222","32780","Medford, OR","small metros",75967,0.55047545333923,9957,30658,21074,22.5054060576923,17.3660987019231,14.4603882884615,0.403569971171693
"223","32820","Memphis, TN-MS-AR","very large metros",540746,0.472974387502352,69164.623,186245.404,135062.391,21.5234956923077,21.5234956923077,13.7076003653846,0.344423082186461
"224","32900","Merced, CA","midsized metros",45686,0.603855202246338,15914,39514,34151,21.4173319615385,21.4173319615385,13.7556598653846,0.864903909293876
"225","33100","Miami-Fort Lauderdale-West Palm Beach, FL","very large metros",2214596,0.577994502147754,343911.766,1077936.569,604528.522,24.5877528846154,25.7919601153846,15.5336377692308,0.486741856754008
"226","33140","Michigan City-La Porte, IN","small metros",35742,0.431906976744186,4643,9140,8636,19.0003056065167,17.4949960426007,17.4437776346154,0.255721560069386
"227","33220","Midland, MI","small metros",36436,0.337587179106692,3023.475,8743.491,5655.338,19.4484355288462,19.4396063635142,13.0099822692308,0.239968465254144
"228","33260","Midland, TX","small metros",87328,0.444672156981573,10052.47,23788.95,19998.26,25.4350986346154,26.4883898846154,16.5814194230769,0.272409192927812
"229","33340","Milwaukee-Waukesha-West Allis, WI","very large metros",783764,0.371337564835981,64003,178386,124054,22.8874723269231,22.8171508653846,13.5778792820722,0.227601676014719
"230","33460","Minneapolis-St. Paul-Bloomington, MN-WI","very large metros",1807478,0.358571239005273,148990.899,425026.583,295351.674,24.8638454807692,25.4157805278458,14.4926125384615,0.235148966128495
"231","33540","Missoula, MT","small metros",50107,0.567413007657265,6673.56,20793.6,13006.83,18.1649646153846,18.1649646153846,14.5918908269231,0.414983934380426
"232","33660","Mobile, AL","midsized metros",151127,0.586714913809936,23765.408,66123.962,45712.505,21.2253842463558,21.0909432692308,14.6531900384615,0.437539036704229
"233","33700","Modesto, CA","large metros",142929,0.524350620209309,29210,71328,60994,23.3603739686272,23.5358155,14.9614866153846,0.499044980374871
"234","33740","Monroe, LA","small metros",66587,0.490946714950854,8282.872,27469.238,16370.108,23.0024944038461,19.8138324818191,13.9018852692308,0.41253154519651
"235","33780","Monroe, MI","small metros",37086,0.29863940879895,4324,13724,7647,22.8899368846154,25.4763650938637,14.1161083461538,0.370058782289813
"236","33860","Montgomery, AL","midsized metros",130956,0.581399158111507,23373.27,54651.097,43966.762,21.0047980885578,20.7801485192308,13.651949,0.417324116497144
"237","34060","Morgantown, WV","small metros",53463,0.340299972017536,3648.356,20448.792,7087.356,19.5106228355739,21.7029258388265,15.2480145384615,0.382484933505415
"238","34100","Morristown, TN","small metros",39976,0.490744684902248,5824.843,16419.541,9439.994,19.7660495347451,20.2489460614298,13.2534265384615,0.410734965979588
"239","34580","Mount Vernon-Anacortes, WA","small metros",43053,0.471000304572945,6007.875,13613.595,12443.1,21.5705017141217,23.7728609423077,14.3402848846154,0.316205490906557
"240","34620","Muncie, IN","small metros",42508,0.516053249804229,4613,19882,9403,21.0235199807692,21.6193959135412,12.7556743846154,0.467723722593394
"241","34740","Muskegon, MI","small metros",52096,0.526576176582519,8302,21715,17629,20.1695916346154,21.7657785164225,12.9114821538462,0.416826627764128
"242","34820","Myrtle Beach-Conway-North Myrtle Beach, SC-NC","midsized metros",138378,0.623730013891537,22899,78988,41442,22.1798628269231,22.1798628269231,15.4845851730769,0.570813279567561
"243","34900","Napa, CA","small metros",64132,0.459871397951893,5793,20889,10976,24.4646176468054,29.7242401521839,18.6679929615385,0.325718829913304
"244","34940","Naples-Immokalee-Marco Island, FL","midsized metros",131871,0.614854675075404,17939,53724,35803,21.4332981634615,21.4332981634615,15.283553,0.407398139090475
"245","34980","Nashville-Davidson--Murfreesboro--Franklin, TN","very large metros",858237,0.417456620482048,91545.222,275381.875,182433.239,22.6238139230769,22.8668096153846,15.2708014615385,0.320869264550468
"246","35100","New Bern, NC","small metros",31352,0.586735297340974,6890.289,19218.849,13004.709,22.0545320637576,21.8076577577314,15.9065485192308,0.613002328400102
"247","35300","New Haven-Milford, CT","large metros",340724,0.424167269879318,107235,324894,183972,26.7861211923077,26.3663478468278,16.18653975,0.953540108709689
"248","35380","New Orleans-Metairie, LA","very large metros",494676,0.460810993319779,57116.601,180393.508,106589.882,21.7994614615385,21.7711129906399,14.0580243076923,0.364670022398499
"249","35620","New York-Newark-Jersey City, NY-NJ-PA","very large metros",8382135,0.469503267196103,918945.534,2863062.832,1723245.954,28.0875701445292,27.9686360192308,19.4768801730769,0.341567253688947
"250","35660","Niles-Benton Harbor, MI","small metros",54568,0.614036265950302,9143,23747,19998,19.8719401809477,20.6278997033951,13.1394530961538,0.435181791526169
"251","35840","North Port-Sarasota-Bradenton, FL","large metros",247805,0.521948171419645,30071,99226,58645,21.5700602403846,23.2166518461538,14.7945115576923,0.400419684832832
"252","35980","Norwich-New London, CT","midsized metros",105456,0.489569337387738,27692,73094,54634,24.1232399108841,25.6592292834419,16.53797025,0.693123198300713
"253","36100","Ocala, FL","midsized metros",81985,0.564497617639898,16231,39627,33062,24.7145994247701,20.7686053076923,13.7238525192308,0.48334451424041
"254","36140","Ocean City, NJ","small metros",26890,0.580986213313034,6175.231,13373.524,11476.634,22.9506032692308,20.4941520520157,15.7943041923077,0.497341911491261
"255","36220","Odessa, TX","small metros",59190,0.476597476597477,9368,23819,18406,25.5558053461538,25.5558053461538,14.6081800576923,0.402415948639973
"256","36260","Ogden-Clearfield, UT","large metros",192865,0.363252123023979,29629.395,72149.65,65545.805,20.6117117692308,20.6117117692308,13.4873414807692,0.374094055427371
"257","36420","Oklahoma City, OK","very large metros",506241,0.465301835797405,69813.243,210933.144,146332.655,20.6466315865385,20.7160826432508,14.0174115480769,0.416665469608349
"258","36500","Olympia-Tumwater, WA","midsized metros",73630,0.379028079991711,10974,42065,20228,25.4194581153846,25.4194581153846,15.7202705,0.571302458237132
"259","36540","Omaha-Council Bluffs, NE-IA","large metros",419890,0.423000578973406,47773.498,121779.893,102803.475,22.2373045223325,23.0818738461538,13.5410393846154,0.290028085927267
"260","36740","Orlando-Kissimmee-Sanford, FL","very large metros",1072635,0.517376292710603,132945.796,443489.886,244771.903,20.4419265865385,22.7806443653846,15.4816245192308,0.413458339509712
"261","36780","Oshkosh-Neenah, WI","small metros",85726,0.391721385348268,6085,16554,13519,28.6799106128974,30.3331645498598,28.6418240826783,0.193103609173413
"262","36980","Owensboro, KY","small metros",47181,0.483565356218418,7006.421,17198.959,15580.176,19.8970103846154,19.8970103846154,13.1559855192308,0.364531463936754
"263","37100","Oxnard-Thousand Oaks-Ventura, CA","large metros",258166,0.470089001156779,39825,134193,78473,26.2012875,30.6911148306361,19.0937416538462,0.519793466219409
"264","37340","Palm Bay-Melbourne-Titusville, FL","large metros",185134,0.495025936987716,22044,72823,39675,20.7628504288241,21.4779510813628,14.0008092692308,0.393352922747847
"265","37460","Panama City, FL","small metros",65595,0.520614312856238,10292.066,28799.13,19004.108,20.9305615865385,22.4815532884615,14.6338925384615,0.4390445918134
"266","37620","Parkersburg-Vienna, WV","small metros",30200,0.622484252210361,5796.043,13610.123,12375.365,20.2264234213,20.8088077307692,13.3336494615385,0.450666324503311
"267","37860","Pensacola-Ferry Pass-Brent, FL","midsized metros",133544,0.476446305477098,24122,70993,48237,19.7103796940095,20.5264048692308,14.1094274423077,0.531607560055113
"268","37900","Peoria, IL","midsized metros",157192,0.41237898961459,16742.641,44975.426,32698.355,22.5994949818774,22.6058016730769,13.6171489423077,0.286117779530765
"269","37980","Philadelphia-Camden-Wilmington, PA-NJ-DE-MD","very large metros",2628893,0.407668832847937,258084.97,741843.492,504616.212,24.1281761538462,23.3563659423077,16.0158787115385,0.282188545520871
"270","38060","Phoenix-Mesa-Scottsdale, AZ","very large metros",1726596,0.519557025539945,253510.077,734533.13,536725.677,24.5916119230769,24.8386669615385,15.0965650192308,0.425422698766822
"271","38220","Pine Bluff, AR","small metros",21677,0.474596451216806,3717.458,8871.991,9198.75,23.2389624038462,29.7677798240231,16.4243071826565,0.409281311989666
"272","38300","Pittsburgh, PA","very large metros",1103495,0.316990543247098,68039.908,221668.552,131065.291,21.6229620384615,21.6229620384615,13.1910896923077,0.200878619295964
"273","38340","Pittsfield, MA","small metros",53882,0.458306555269923,11410,33206,19348,19.1362195192308,19.1362195192308,15.5672798653846,0.616272595672024
"274","38540","Pocatello, ID","small metros",24760,0.607776358734213,6287.444,16378.195,12783.344,18.4616628173077,19.8706070961538,12.5564172692308,0.661477988691438
"275","38860","Portland-South Portland, ME","large metros",238275,0.368406401521225,44615.683,160585.619,83424.131,22.584371729156,22.1931048076923,16.1300263173077,0.673950766970937
"276","38900","Portland-Vancouver-Hillsboro, OR-WA","very large metros",1047457,0.406571321219033,105477.326,381982.267,201683.608,24.5038653421662,25.9251144230769,16.9712102115385,0.364675845404632
"277","38940","Port St. Lucie, FL","midsized metros",117217,0.51903235617528,22185,69971,40981,20.5636522307692,20.5636522307692,15.6516813076923,0.596935598078777
"278","39300","Providence-Warwick, RI-MA","very large metros",637255,0.386579962214491,144574.968,397990.336,254877.2,22.7104647884615,23.5809982307692,14.4474029038462,0.624538585024833
"279","39340","Provo-Orem, UT","large metros",215315,0.370618086653491,27332.25,90459.6,63833.775,20.6196658173077,20.3567032483395,13.7086381538462,0.420126790980656
"280","39380","Pueblo, CO","small metros",50879,0.653843831776063,9952.699,22160.37,21690.112,22.5332407307692,21.8908180384615,15.996033515476,0.435550423553922
"281","39460","Punta Gorda, FL","small metros",39311,0.564562481419086,5697,15634,8465,21.9215429423077,21.8875641980464,14.2580663269231,0.39770038920404
"282","39540","Racine, WI","small metros",66364,0.477799644794317,9954,22893,23503,20.652206669401,19.4761880999004,13.3861543076923,0.344961123500693
"283","39580","Raleigh, NC","very large metros",520170,0.378562103837227,66071.482,197381.774,126984.29,21.7558001419272,21.7358454807692,15.8686781346154,0.379456281600246
"284","39660","Rapid City, SD","small metros",56285,0.533654433760596,6841.936,21520.177,13678.699,19.6685263026562,24.8546720434255,14.4169274807692,0.38234302211957
"285","39740","Reading, PA","midsized metros",153071,0.482547622769602,21608,55892,39414,24.4102219176343,25.35781325,14.9073584423077,0.365137746535921
"286","39820","Redding, CA","small metros",50261,0.38871473354232,6324,21578,13138,18.2703672350473,17.2037217203694,14.7533048653846,0.429318955054615
"287","39900","Reno, NV","midsized metros",195817,0.435566960040379,22890.1,74476.875,45467.25,21.7147913054299,22.6126171723183,13.9424609807692,0.380339168713646
"288","40060","Richmond, VA","very large metros",544402,0.40424241966248,54188.51,171491.716,103453.545,25.1401794103253,22.5187748269231,15.5996415769231,0.315009342360976
"289","40140","Riverside-San Bernardino-Ontario, CA","very large metros",1179496,0.53300279635153,246073,659912,494763,22.9840658064222,23.0756828717388,15.1819508461538,0.559486424710215
"290","40220","Roanoke, VA","midsized metros",140143,0.459527968144169,13962.477,38316.912,29002.393,21.0321979615385,21.0321979615385,13.4980229038462,0.273412956765589
"291","40340","Rochester, MN","small metros",113762,0.360559961435777,8152.101,26853.206,16360.883,21.6610136809861,20.0410924519231,14.6655913846154,0.236047238972592
"292","40380","Rochester, NY","very large metros",453814,0.43332613093599,45815.002,130734.037,86281.079,22.6092321124046,23.0223450192308,14.0325961346154,0.288078457253412
"293","40420","Rockford, IL","midsized metros",134942,0.505484963385337,17464,43863.338,38799,22.2200933135486,23.3729886153846,13.1348022307692,0.325053267329668
"294","40580","Rocky Mount, NC","small metros",48269,0.658003507014028,10507,22912.752,20181,21.5466365037633,19.1232931456528,18.7618748079576,0.474688765045889
"295","40660","Rome, GA","small metros",36648,0.510275408919335,4212.1,12666.304,8069.345,17.1922735384615,17.1789608275308,13.4973934038462,0.345620606854399
"296","40900","Sacramento--Roseville--Arden-Arcade, CA","very large metros",743106,0.396989319788482,98948,308976,197421,22.1165004807692,20.6020330576923,14.8553095769231,0.415789941138949
"297","40980","Saginaw, MI","small metros",80324,0.508617639625979,10063,22318,18793,19.9395084038462,19.9395084038462,16.9965919586538,0.277849708679847
"298","41060","St. Cloud, MN","small metros",100928,0.382954611777981,7873.7,21188.7,15780.9,21.4418166346154,21.4418166346154,15.4064741456277,0.209938768230818
"299","41100","St. George, UT","small metros",50267,0.42613222862901,7612,21966,15468,20.3912318911007,23.2157425713,14.3323641923077,0.436986492132015
"300","41140","St. Joseph, MO-KS","small metros",48854,0.421610573951708,4836.574,17925.866,9786.082,21.2956478461538,23.2467626053724,13.6062600769231,0.366927293568592
"301","41180","St. Louis, MO-IL","very large metros",1249653,0.357822903789112,109824.628,300423.166,213866.966,21.5286523076923,21.7132048913599,13.9004677692308,0.240405269302758
"302","41420","Salem, OR","midsized metros",121784,0.450828258156835,19476.732,51883.978,38652.312,20.6543523002329,21.8203968832515,13.3044439807692,0.426032795769559
"303","41500","Salinas, CA","midsized metros",113209,0.597536433454039,25976.84,76351.608,62537.744,25.9755451212545,26.2304718269231,18.3967181923077,0.674430548807957
"304","41540","Salisbury, MD-DE","midsized metros",128997,0.47682604630699,17340.256,51032.412,32918.03,22.4527015083156,23.8920608076923,14.6356250769231,0.395609293239378
"305","41620","Salt Lake City, UT","very large metros",608961,0.386803420707928,50687.9,154785.05,106337.3,22.0657574038462,22.3780307884615,13.4828396346154,0.254178921146018
"306","41660","San Angelo, TX","small metros",40265,0.43541097136122,6176.592,16467.509,12325.231,27.4370945384615,27.0233362468335,13.9844717692308,0.408978244132621
"307","41700","San Antonio-New Braunfels, TX","very large metros",876237,0.466905980314845,122482.244,331651.844,238773.841,21.6018134230769,21.6018134230769,13.2162956538462,0.378495594228502
"308","41740","San Diego-Carlsbad, CA","very large metros",1266620,0.470724994296045,162989,546261,319052,25.6941751861042,26.3048490384615,18.4893297115385,0.431274573273752
"309","41860","San Francisco-Oakland-Hayward, CA","very large metros",2167508,0.393199825316614,189078,757029,354748,31.8363447115385,36.0013571890329,22.4685474038462,0.349262378731705
"310","41940","San Jose-Sunnyvale-Santa Clara, CA","very large metros",1068403,0.358791022257429,77513.488,289188.864,140535.624,32.516923861336,36.9755024655494,23.3688673076923,0.270673953554979
"311","42020","San Luis Obispo-Paso Robles-Arroyo Grande, CA","midsized metros",91732,0.417780513542033,9502,40137,16811,25.678527923221,26.9655881967157,18.2713176923077,0.437546330615271
"312","42100","Santa Cruz-Watsonville, CA","midsized metros",79038,0.455069528298212,11683,47340,23505,26.4850762155825,26.4679651389274,19.8130983269231,0.598952402641767
"313","42140","Santa Fe, NM","small metros",46842,0.609681606474765,7985,24492,14315,19.448011079493,16.5307449038462,14.6727874807692,0.522864096323812
"314","42200","Santa Maria-Santa Barbara, CA","midsized metros",149750,0.554110973145375,22759,76154,49030,29.2090104423077,29.2090104423077,18.8258865192308,0.508540901502504
"315","42220","Santa Rosa, CA","large metros",173035,0.491085582323815,25093,80299,46667,28.267416613103,30.040497351743,20.1072542692308,0.464062183951224
"316","42340","Savannah, GA","midsized metros",151691,0.493101235455715,19459.937,66913.446,38280.173,22.6843349423077,22.6843349423077,15.1924713653846,0.441116783461115
"317","42540","Scranton--Wilkes-Barre--Hazleton, PA","large metros",237277,0.485339835316065,26635.29,68821.41,53430.232,21.5047998844217,22.2478125769231,13.5082467692308,0.290046696477113
"318","42660","Seattle-Tacoma-Bellevue, WA","very large metros",1726886,0.34460319903721,147750,496649,291871,25.3441705769231,25.3925464807692,17.7444300961538,0.287598023262682
"319","42680","Sebastian-Vero Beach, FL","small metros",45434,0.551316624365482,6951,20555,11960,16.364163556288,16.3876278170972,13.8680935961538,0.45241449135009
"320","42700","Sebring, FL","small metros",20766,0.635648744515113,4966.651,15263.415,9855.99,18.7110081453572,20.6532032211166,13.1336517115385,0.735019503033805
"321","43100","Sheboygan, WI","small metros",53151,0.297201894102454,3452,9906,6103,22.0178453075307,22.1871245576923,12.8043274615385,0.186374668397584
"322","43300","Sherman-Denison, TX","small metros",39443,0.516829630964719,7294.92,18073.212,14142.732,19.5028164903846,18.2200840865385,13.5724148269231,0.458210886595847
"323","43340","Shreveport-Bossier City, LA","midsized metros",150576,0.492993492132725,19515.456,51557.164,36100.908,21.8595982307692,20.0693516346154,14.2439014615385,0.342399612155988
"324","43420","Sierra Vista-Douglas, AZ","small metros",24819,0.596553661734407,6994.26,16141.332,14411.616,22.8716255200624,22.7748238653846,14.9737332692308,0.650361900157138
"325","43580","Sioux City, IA-NE-SD","small metros",78246,0.543070459792574,10781.044,21571.753,22741.399,19.5772004807692,21.6494720961538,15.7563738653846,0.275691447486134
"326","43620","Sioux Falls, SD","midsized metros",143288,0.397384583610511,12645.089,33627.765,26058.174,19.4722750274195,19.5026005576923,13.3219016538462,0.234686540394171
"327","43780","South Bend-Mishawaka, IN-MI","midsized metros",129862,0.481094852407435,16060.821,44416.669,33213.191,19.7872558957384,20.8220375201162,12.7576652884615,0.342029762363124
"328","43900","Spartanburg, SC","midsized metros",135347,0.464480717282602,16163,42598,32193,18.7181745096154,17.3295987692308,13.3036506346154,0.31473176354112
"329","44060","Spokane-Spokane Valley, WA","large metros",201255,0.44883175592139,24006.56,65484.584,47176.52,18.6139209038462,16.2469213932231,12.4851300769231,0.325381153263273
"330","44100","Springfield, IL","small metros",85368,0.486702736171499,10482.806,24616.496,18100.05,22.5950099186561,22.8511549230769,13.4159631153846,0.288357417299222
"331","44140","Springfield, MA","large metros",222600,0.469313239166866,29404.821,89130.482,54008.714,25.6299603405012,25.8146446923077,14.2750630769231,0.400406477987421
"332","44180","Springfield, MO","midsized metros",187570,0.418717059848139,17749.314,65966.568,33492.719,18.7289143461538,18.968566290927,13.2600521730769,0.351690398251319
"333","44220","Springfield, OH","small metros",41243,0.543587367770829,7040,16335,14286,17.2200689423077,19.9630311114544,12.3442250576923,0.396067211405572
"334","44300","State College, PA","small metros",46119,0.353618677042802,4544,25643,8238,21.2161439770155,21.4268441171987,15.85141825,0.556018127019233
"335","44420","Staunton-Waynesboro, VA","small metros",40023,0.428327520013212,5524.185,14138.392,9116.262,22.9803100576923,23.2141797884615,15.1058456730769,0.353256677410489
"336","44700","Stockton-Lodi, CA","large metros",190958,0.468866786161975,40022,91316,87411,21.0291434519231,21.1014389064421,14.1551420384615,0.47819939463128
"337","44940","Sumter, SC","small metros",31398,0.572178442460403,7928.814,19001.758,14558.404,21.9557255384615,20.7570550576923,14.2278606923077,0.605190075801006
"338","45060","Syracuse, NY","large metros",259742,0.474139828854908,30227.745,83810.228,57085.073,24.0780007692308,24.0780007692308,14.4964731730769,0.322667215929653
"339","45220","Tallahassee, FL","midsized metros",110687,0.457575574485851,16941.446,68229.249,29629.638,23.2364138792753,23.3418185,15.2616718076923,0.616416101258504
"340","45300","Tampa-St. Petersburg-Clearwater, FL","very large metros",1120203,0.460709111054291,129732,448720,237495,22.6000553033095,22.8305563269231,14.9381605576923,0.400570253784359
"341","45460","Terre Haute, IN","small metros",57094,0.540101593193018,9080.269,27807.357,16869.798,19.4210588365385,21.8605551346154,12.8036809615385,0.487045171121309
"342","45500","Texarkana, TX-AR","small metros",48004,0.571573041518732,7884.989,20132.014,15966.251,20.0956986346154,19.4222828289256,13.104100460939,0.419382009832514
"343","45540","The Villages, FL","small metros",22470,0.562003735197008,3675.777,13841.408,7179.711,18.1642099224682,18.8541199878496,13.5967686346154,0.615995015576324
"344","45780","Toledo, OH","large metros",264725,0.445003873002259,29075.178,81233.729,54891.303,18.6575635576923,18.2301936938944,11.8068017692308,0.306860814052318
"345","45820","Topeka, KS","small metros",85514,0.494999600612439,11799.056,27647.432,24685.007,21.7988707854777,21.8090373653846,13.3815086470201,0.323308838318872
"346","45940","Trenton, NJ","midsized metros",196384,0.298769188217397,10802,41657,19825,22.0830672048077,21.6008370119575,15.9264206730769,0.212120131986313
"347","46060","Tucson, AZ","very large metros",320502,0.514854908061624,47656,146740,98645,22.2267660833333,22.3790096730769,13.4108847307692,0.45784425682211
"348","46140","Tulsa, OK","large metros",401196,0.490511159194962,52674.721,143377.736,107894.858,21.2205117195806,20.2910839903846,13.7874192884615,0.357375786398668
"349","46220","Tuscaloosa, AL","small metros",84048,0.526703175097092,13867.994,35707.461,24311.312,19.7560011023486,20.3579555344643,14.2868986923077,0.424846052255854
"350","46300","Twin Falls, ID","small metros",37498,0.397511169108538,4547.364,11544.78,10502.976,19.3687683885,22.2315823076923,13.1847464038462,0.307877220118406
"351","46340","Tyler, TX","small metros",89833,0.478502137454785,11641,33726,25752,19.3915653722266,21.4657525192308,14.4356863076923,0.375429964489664
"352","46520","Urban Honolulu, HI","large metros",366570,0.508118379282488,44657,155839,84891,30.1642225961538,32.3344615384615,19.6139709038462,0.4251275336225
"353","46540","Utica-Rome, NY","midsized metros",100149,0.446280421948953,13483.403,31025.494,25330.874,21.2512706730769,23.0933524038462,18.5406666346154,0.309793347911612
"354","46660","Valdosta, GA","small metros",44264,0.615260368411747,10171.613,28538.939,20146.678,23.2159420769231,21.5249748846154,14.5672029807692,0.644743787276342
"355","46700","Vallejo-Fairfield, CA","midsized metros",111931,0.434057168180811,19589,56238,38894,29.1170936942105,27.3113430961538,16.6792292884615,0.502434535562087
"356","47020","Victoria, TX","small metros",33922,0.48907591408493,4173.118,11960.89,7869.035,18.8558655710365,19.2138250347398,14.6116348269231,0.352599787748364
"357","47220","Vineland-Bridgeton, NJ","small metros",47231,0.602386304171156,9142.382,19348.648,17560.492,25.4925813653846,25.4925813653846,18.2983722537508,0.409659926743029
"358","47260","Virginia Beach-Norfolk-Newport News, VA-NC","very large metros",615083,0.456787228172975,90314.224,259888.449,171623.137,23.1520596730769,23.1520596730769,16.4414231153846,0.422525820092573
"359","47300","Visalia-Porterville, CA","midsized metros",96618,0.637922192101986,34828,78085,75867,19.7488841153846,21.7251906923077,14.2873933269231,0.808182740276139
"360","47380","Waco, TX","midsized metros",105047,0.495327096441165,13096.282,33737.167,27007.726,19.9964564615385,19.9964564615385,12.58062425,0.321162593886546
"361","47460","Walla Walla, WA","small metros",21180,0.454415046222506,3147.504,7662.864,6307.704,18.989424105808,16.6515893942308,13.8880826442308,0.36179716713881
"362","47580","Warner Robins, GA","small metros",47348,0.484436742645513,9832.957,25111.737,17975.363,21.7847356510896,21.7503420066097,14.0204731538462,0.53036531638084
"363","47900","Washington-Arlington-Alexandria, DC-VA-MD-WV","very large metros",2673875,0.372513421578127,258768.759,834403.11,506113.549,27.092957413312,27.0129171538462,20.2970601153846,0.312057635454163
"364","47940","Waterloo-Cedar Falls, IA","small metros",75798,0.396841725776467,6657.466,22954.124,13109.412,17.6251046346154,21.2093745,12.3754446153846,0.302832845193805
"365","48060","Watertown-Fort Drum, NY","small metros",29772,0.649140871355943,8160.383,18359.446,14990.77,22.3456409667832,25.3015402307692,15.3492610769231,0.616668211742577
"366","48140","Wausau, WI","small metros",65153,0.365671432987806,6403.908,20015.096,14134.05,18.7734582688183,21.3756511782555,13.2222813076923,0.307201448897211
"367","48260","Weirton-Steubenville, WV-OH","small metros",33975,0.471643397668195,4221.157,11492.024,8775.061,19.5929764458947,19.9124924576906,12.8264758653846,0.338249418690213
"368","48300","Wenatchee, WA","small metros",37026,0.460706919849228,6478,15847,15497,23.1267417002971,23.3639346733592,14.3462862307692,0.427996542969805
"369","48540","Wheeling, WV-OH","small metros",54735,0.458396112660814,4877.843,14084.545,10187.939,19.4522071828552,18.7818321666155,13.4736996923077,0.25732246277519
"370","48620","Wichita, KS","large metros",262876,0.436663161833441,32190.438,83688.54,66863.078,20.9256290272762,20.9351151634615,13.2067315576923,0.318357476528858
"371","48660","Wichita Falls, TX","small metros",46665,0.531496304253961,6799.766,19867.222,14346.818,19.207814,21.635534333714,13.5629331153846,0.425741390763956
"372","48700","Williamsport, PA","small metros",43915,0.485502360080917,5371.2,14805.116,10241.088,23.1168769807692,24.5478598461538,14.9647906153846,0.337131185244222
"373","48900","Wilmington, NC","midsized metros",108659,0.497732923796987,13612,51675.825,26683,21.9457272115385,19.1792514697231,15.6545926346154,0.475577954886388
"374","49020","Winchester, VA-WV","small metros",55560,0.387650007449309,5484.846,13503.754,11331.276,24.4785689038113,23.1622618269231,15.7440542115385,0.243048128149748
"375","49180","Winston-Salem, NC","large metros",237640,0.501408452699178,34691.795,85080.185,66044.333,22.0874193461538,21.7981040818376,14.30522625,0.358021313751894
"376","49340","Worcester, MA-CT","large metros",337022,0.357227274285918,134180.88,396080.14,258076.804,23.5729807597794,23.0365643269231,15.7346078461538,1.17523526654046
"377","49420","Yakima, WA","small metros",70083,0.562915931006383,16579,37019,35500,19.5202904423077,20.4024501510881,13.5560795769231,0.528216543241585
"378","49620","York-Hanover, PA","midsized metros",167130,0.453326819736199,23199,66175,45181,23.1925931730769,25.9078476374302,15.3276816730769,0.395949261054269
"379","49660","Youngstown-Warren-Boardman, OH-PA","large metros",192993,0.493802303969022,25504.889,60309.922,46802.889,19.8342892115385,19.8342892115385,12.3032310192308,0.312497976610551
"380","49700","Yuba City, CA","small metros",32176,0.487094133697135,8926,22324,19118,22.3690394038462,20.4269326968986,14.8406362692308,0.693809050223769
"381","49740","Yuma, AZ","small metros",45094,0.749599896189282,17330,35357,34866,25.7501466346154,23.4612108269231,14.8623428653846,0.784073269171065
